{
  "customer": {
    "firstName": "akhila",
    "lastName": "puram",
    "middleName": "guptha",
    "suffix": "third",
    "homePhone": "9676476493",
    "businessPhone": "098765432",
    "fax": "12560777",
    "title": "Ms",
    "emailID": "ap@gmail.com",
    "customrType": "Gold"
  },
  "order": {
    "shippingAmount": 234324.67,
    "shippingMethod": "leg",
    "priceAmount": "837932",
    "ordersSubtotal": "12345",
    "specialInstructions": "order at door step"
  },
  "orderitem": [
    {
      "taxAmount": 789,
      "quantity": 10,
      "description": "odi 1"
    },
    {
      "taxAmount": 78090,
      "quantity": 1,
      "description": "odi 2"
    }
  ],
  "address": [
    {
      "street1": 456,
      "street2": 2,
      "city": "test 1",
      "state": "AP",
      "country": "India",
      "postalCode": "test1"
    },
    {
      "street1": 5678,
      "street2": "fjlksjf",
      "city": "test 21",
      "state": "TS",
      "country": "India",
      "postalCode": "dfjlksjf1"
    }
  ]
}
